1,Kanchipuram,Kanchipuram
2,Tiruvallur,Tiruvallur
3,Cuddalore,Cuddalore
4,Villupuram,Villupuram
5,Vellore,Vellore
6,Tiruvannamalai,Tiruvannamalai
7,Salem,Salem
8,Namakkal,Namakkal
9,Dharmapuri,Dharmapuri
10,Erode,Erode
11,Coimbatore,Coimbatore
12,The Nilgiris,The Nilgiris
13,Thanjavur,Thanjavur
14,Nagapattinam,Nagapattinam
15,Tiruvarur,Tiruvarur
16,Tiruchirappalli,Tiruchirappalli
17,Karur,Karur
18,Perambalur,Perambalur
19,Pudukkottai,Pudukkottai
20,Madurai,Madurai
21,Theni,Theni
22,Dindigul,Dindigul
23,Ramanathapuram,Ramanathapuram
24,Virudhunagar,Virudhunagar
25,Sivagangai,Sivagangai
26,Tirunelveli,Tirunelveli
27,Thoothukkudi,Thoothukkudi
28,Kanniyakumari,Kanniyakumari
29,Chennai,Chennai
30,Krishnagiri,Krishnagiri
31,Ariyalur,Ariyalur
32,Tiruppur,Tiruppur
